{"meta": {"version": "7.3.2", "timestamp": "2026-01-04T12:47:23.475385", "branch_coverage": false, "show_contexts": false}, "files": {"turbodrf/__init__.py": {"executed_lines": [1, 37, 38, 39, 40, 44, 46, 47, 49, 50, 51, 53, 54, 55, 57, 58, 59, 61, 62, 63, 65, 66, 67, 69, 70, 73], "summary": {"covered_lines": 25, "num_statements": 25, "percent_covered": 100.0, "percent_covered_display": "100", "missing_lines": 0, "excluded_lines": 0}, "missing_lines": [], "excluded_lines": []}, "turbodrf/apps.py": {"executed_lines": [1, 2, 5, 6, 7, 8, 10, 15, 16, 18, 26], "summary": {"covered_lines": 11, "num_statements": 15, "percent_covered": 73.33333333333333, "percent_covered_display": "73", "missing_lines": 4, "excluded_lines": 0}, "missing_lines": [28, 29, 32, 33], "excluded_lines": []}, "turbodrf/backends.py": {"executed_lines": [1, 8, 9, 11, 12, 15, 16, 17, 46, 47, 48, 49, 50, 52, 54, 56, 58, 60, 62, 64, 66, 68, 70, 73, 80, 83, 94, 96, 97, 98, 100, 101, 102, 108, 110, 112, 114, 116, 121, 122, 124, 136, 149, 151, 153, 154, 155, 158, 159, 160, 161, 164, 165, 167, 168, 169, 170, 171, 172, 173, 174, 175, 176, 179, 180, 181, 182, 185, 186, 190, 191, 193, 194, 196, 198, 200, 201, 202, 203, 206, 207, 210, 211, 212, 213, 216, 220, 222, 225, 239, 241, 242, 243, 246, 247, 253, 257, 262, 263, 266, 267, 268, 270, 271, 273, 274, 275, 276, 277, 278, 281, 282, 285, 287, 289, 290, 292, 294, 296, 297, 298, 301, 302, 305, 306, 307, 310, 314, 316, 319, 330, 333, 336, 337, 340, 341, 342, 345, 346, 347, 350, 356, 358, 361, 372, 373, 376, 385, 386, 389, 392, 415, 416, 417, 418, 421, 423, 424, 427, 430, 431, 433, 436, 447, 448, 450, 452, 453, 454, 456, 459, 470, 473, 474], "summary": {"covered_lines": 172, "num_statements": 182, "percent_covered": 94.50549450549451, "percent_covered_display": "95", "missing_lines": 10, "excluded_lines": 0}, "missing_lines": [103, 104, 106, 107, 125, 127, 133, 248, 352, 471], "excluded_lines": []}, "turbodrf/documentation.py": {"executed_lines": [1, 13, 14, 15, 16, 19, 91, 92, 94, 96, 110], "summary": {"covered_lines": 10, "num_statements": 10, "percent_covered": 100.0, "percent_covered_display": "100", "missing_lines": 0, "excluded_lines": 0}, "missing_lines": [], "excluded_lines": []}, "turbodrf/filter_backends.py": {"executed_lines": [1, 8, 9, 12, 13, 48, 61, 64, 65, 68, 70, 72, 73, 75, 77, 80, 86, 87, 90, 93, 96, 97, 98, 100, 101, 102, 104, 106, 109, 110, 112, 115, 116, 119, 121, 123, 129, 132, 133, 134, 138, 139, 140, 141, 142, 143, 144, 147, 148, 151, 152, 154, 156, 175, 177, 179, 183, 184, 187, 189, 190, 192, 204, 205, 211, 212, 220, 221, 225, 227, 229, 230, 232, 233, 234, 238, 248, 250], "summary": {"covered_lines": 76, "num_statements": 92, "percent_covered": 82.6086956521739, "percent_covered_display": "83", "missing_lines": 16, "excluded_lines": 0}, "missing_lines": [83, 113, 135, 194, 195, 197, 200, 213, 215, 216, 239, 241, 242, 244, 246, 257], "excluded_lines": []}, "turbodrf/integrations/__init__.py": {"executed_lines": [1, 7, 15, 25], "summary": {"covered_lines": 3, "num_statements": 3, "percent_covered": 100.0, "percent_covered_display": "100", "missing_lines": 0, "excluded_lines": 0}, "missing_lines": [], "excluded_lines": []}, "turbodrf/integrations/allauth.py": {"executed_lines": [1, 8, 10, 11, 14, 21, 24, 31, 34, 42, 45, 72, 74, 75, 76, 78, 81, 83, 85, 88, 89, 109, 116, 118, 129, 132, 137, 141, 145, 149, 151, 153, 154, 157], "summary": {"covered_lines": 32, "num_statements": 34, "percent_covered": 94.11764705882354, "percent_covered_display": "94", "missing_lines": 2, "excluded_lines": 0}, "missing_lines": [148, 172], "excluded_lines": []}, "turbodrf/integrations/allauth_roles.py": {"executed_lines": [1, 8, 11, 28, 30, 31, 32, 34, 37, 54, 57, 76, 77, 79, 80, 81, 83, 86, 124, 144, 175], "summary": {"covered_lines": 20, "num_statements": 40, "percent_covered": 50.0, "percent_covered_display": "50", "missing_lines": 20, "excluded_lines": 0}, "missing_lines": [115, 116, 118, 119, 121, 141, 163, 166, 167, 168, 169, 170, 172, 190, 191, 192, 193, 195, 197, 198], "excluded_lines": []}, "turbodrf/integrations/keycloak.py": {"executed_lines": [1, 19, 21, 24, 31, 34, 41, 44, 57, 60, 77, 80, 103, 104, 106, 107, 108, 109, 112, 115, 116, 118, 121, 141, 143, 145, 147, 148, 150, 151, 153, 156, 173, 174, 193, 194, 219, 226, 228, 253, 265], "summary": {"covered_lines": 39, "num_statements": 53, "percent_covered": 73.58490566037736, "percent_covered_display": "74", "missing_lines": 14, "excluded_lines": 0}, "missing_lines": [177, 179, 181, 184, 186, 188, 190, 239, 241, 243, 245, 247, 249, 250], "excluded_lines": []}, "turbodrf/metadata.py": {"executed_lines": [], "summary": {"covered_lines": 0, "num_statements": 48, "percent_covered": 0.0, "percent_covered_display": "0", "missing_lines": 48, "excluded_lines": 0}, "missing_lines": [1, 4, 7, 9, 11, 12, 13, 18, 21, 28, 30, 32, 34, 36, 37, 38, 39, 41, 42, 43, 45, 46, 48, 49, 50, 51, 55, 56, 57, 61, 66, 78, 79, 80, 81, 85, 86, 87, 89, 91, 93, 95, 96, 97, 98, 100, 101, 103], "excluded_lines": []}, "turbodrf/mixins.py": {"executed_lines": [1, 8, 11, 12, 38, 39, 87, 88, 127, 128], "summary": {"covered_lines": 8, "num_statements": 30, "percent_covered": 26.666666666666668, "percent_covered_display": "27", "missing_lines": 22, "excluded_lines": 0}, "missing_lines": [81, 109, 110, 112, 114, 120, 122, 125, 150, 151, 154, 155, 156, 157, 158, 160, 161, 162, 165, 166, 167, 168], "excluded_lines": []}, "turbodrf/models.py": {"executed_lines": [1, 8, 9, 10, 13, 20, 31, 32, 36, 38, 44, 45, 70, 77, 81, 90, 91, 96, 100, 101, 102, 103, 104, 106, 109, 111, 112, 113, 116, 117, 150, 151, 152, 153, 155, 162, 163, 165, 170, 177, 181, 188, 197, 205, 213, 214, 218, 219, 220, 221, 222, 225, 249, 258, 260, 261, 266, 268, 270, 272, 273, 277, 289, 290, 307, 313, 317, 319, 320, 321, 322, 323, 325], "summary": {"covered_lines": 66, "num_statements": 71, "percent_covered": 92.95774647887323, "percent_covered_display": "93", "missing_lines": 5, "excluded_lines": 9}, "missing_lines": [279, 280, 282, 283, 286], "excluded_lines": [106, 107, 249, 250, 251, 255, 256, 325, 326]}, "turbodrf/permissions.py": {"executed_lines": [1, 8, 11, 12, 60, 73, 75, 76, 80, 83, 85, 86, 88, 91, 101, 102, 103, 106, 107, 109, 125, 127, 130, 132, 133, 134, 136, 139, 140, 167, 177, 183, 184, 188, 191, 192, 193, 194, 197], "summary": {"covered_lines": 36, "num_statements": 36, "percent_covered": 100.0, "percent_covered_display": "100", "missing_lines": 0, "excluded_lines": 0}, "missing_lines": [], "excluded_lines": []}, "turbodrf/router.py": {"executed_lines": [1, 8, 9, 10, 12, 13, 16, 17, 49, 57, 58, 60, 79, 81, 83, 85, 86, 87, 89, 91, 92, 94, 95, 96, 97, 98, 99, 102, 103, 104, 111, 114, 117, 127, 128, 131, 138, 142, 150, 153, 154, 155, 159, 162, 163, 166, 172, 174], "summary": {"covered_lines": 46, "num_statements": 48, "percent_covered": 95.83333333333333, "percent_covered_display": "96", "missing_lines": 2, "excluded_lines": 0}, "missing_lines": [105, 106], "excluded_lines": []}, "turbodrf/serializers.py": {"executed_lines": [1, 2, 4, 6, 9, 10, 33, 54, 57, 58, 60, 62, 64, 69, 73, 74, 76, 79, 80, 81, 82, 83, 84, 87, 88, 92, 94, 105, 106, 107, 111, 128, 130, 131, 135, 138, 139, 140, 142, 143, 148, 149, 150, 151, 152, 153, 156, 158, 163, 173, 174, 176, 177, 191, 192, 194, 196, 197, 202, 204, 206, 216, 217, 219, 220, 233, 234, 236, 238, 239, 244, 246, 249, 250, 281, 282, 321, 322, 324, 328, 331, 332, 334, 335, 336, 337, 338, 341, 343, 347, 348, 349, 352, 357, 358, 361, 364, 365, 366, 367, 370, 373, 374, 375, 382, 383, 385, 386, 387, 388, 390, 392, 394, 396, 397, 423, 425, 427, 428, 429, 431, 432, 433, 436, 444, 445, 446, 447, 448, 455, 457, 458, 462, 465, 466, 467, 475, 477, 478, 493, 495, 498, 502, 504, 505, 512, 513, 515, 517, 518, 528, 529, 556, 558, 560, 561, 562, 564, 565, 566, 568, 570, 571, 572, 574, 576, 577, 591, 593, 595, 596, 598, 600, 601, 634, 635, 638, 639, 640, 641, 643, 644, 645, 646, 648, 650], "summary": {"covered_lines": 184,